tic,name,ra,dec,tmag,ctl,sector 
-100,ticx100,62.977965999999995,-37.934517,13.0,0,-1