tic,name,ra,dec,tmag,ctl,sector 
43533777,tic43533777,75.40559387999,-08.37407982775,11.5363,-1,-1
