tic,name,ra,dec,tmag,ctl,sector 
166527623,tic166527623,207.526166,-40.835846000000004,9.336,1, -1 
410214986,tic410214986,354.91455,-69.195786,7.771,1, -1
257605131,tic257605131,62.966442,-37.939785,10.236,1, -1